{
  "total_rows": 16470,
  "total_snapshots": 183,
  "n_nodes": 10,
  "n_edges": 90,
  "X_shape": [
    183,
    10,
    6
  ],
  "Y_shape": [
    183,
    90
  ],
  "Y_mean_travel_time_s": 585.1387939453125,
  "Y_std_travel_time_s": 270.3654479980469,
  "Y_min": 63.0,
  "Y_max": 1470.0,
  "train_snapshots": 128,
  "val_snapshots": 27,
  "test_snapshots": 28,
  "KS_mean_divergence": 0.20994800329208374,
  "granger_causal_links": 6
}